spellId	section	priority	formatType	expression	textKey	formulaText
Firebolt	desc	1	level_display
Firebolt	desc	2	damage_range	damage	Damage	Magic/8 + Lvl + 1
Firebolt	desc	3	mana	mana	Mana	Base - (Lvl-1) * Adj
Firebolt	desc	4	text
Firebolt	upgrade	1	damage_delta	damage	Damage
Firebolt	upgrade	2	mana_delta	mana	Mana
Healing	desc	1	level_display
Healing	desc	2	heal_range	damage	Heals	CLvl+Lvl+1 to 4*CLvl+6*Lvl+10
Healing	desc	3	mana	mana	Mana
Healing	desc	4	text
Healing	upgrade	1	heal_delta	damage	Heals
Healing	upgrade	2	mana_delta	mana	Mana
Lightning	desc	1	level_display
Lightning	desc	2	damage_range	damage	Damage	2 to 2+CLvl
Lightning	desc	3	mana	mana	Mana
Lightning	desc	4	text
Lightning	upgrade	1	damage_delta	damage	Damage
Lightning	upgrade	2	mana_delta	mana	Mana
Flash	desc	1	level_display
Flash	desc	2	damage_range	damage	Damage	CLvl * 1.5^Lvl
Flash	desc	3	mana	mana	Mana
Flash	upgrade	1	damage_delta	damage	Damage
Flash	upgrade	2	mana_delta	mana	Mana
Identify	desc	1	level_display
Identify	desc	2	mana	mana	Mana
Identify	desc	3	text
FireWall	desc	1	level_display
FireWall	desc	2	damage_range	damage	Damage	2*CLvl+4 to 2*CLvl+40
FireWall	desc	3	mana	mana	Mana
FireWall	upgrade	1	damage_delta	damage	Damage
FireWall	upgrade	2	mana_delta	mana	Mana
TownPortal	desc	1	level_display
TownPortal	desc	2	mana	mana	Mana
TownPortal	desc	3	text
StoneCurse	desc	1	level_display
StoneCurse	desc	2	mana	mana	Mana
StoneCurse	desc	3	value_single	par1 + (lvl - 1) * par5	Duration (frames)	Base + (Lvl-1) * 5
StoneCurse	upgrade	1	mana_delta	mana	Mana
StoneCurse	upgrade	2	value_delta	par1 + (lvl - 1) * par5	Duration
Infravision	desc	1	level_display
Infravision	desc	2	mana	mana	Mana
Phasing	desc	1	level_display
Phasing	desc	2	mana	mana	Mana
ManaShield	desc	1	level_display
ManaShield	desc	2	mana	mana	Mana
ManaShield	upgrade	1	mana_delta	mana	Mana
Fireball	desc	1	level_display
Fireball	desc	2	damage_range	damage	Damage	Scale(2*CLvl+4) to Scale(2*CLvl+40)
Fireball	desc	3	mana	mana	Mana
Fireball	upgrade	1	damage_delta	damage	Damage
Fireball	upgrade	2	mana_delta	mana	Mana
Guardian	desc	1	level_display
Guardian	desc	2	damage_range	damage	Damage	Scale(CLvl/2+1) to Scale(CLvl/2+10)
Guardian	desc	3	mana	mana	Mana
Guardian	upgrade	1	damage_delta	damage	Damage
Guardian	upgrade	2	mana_delta	mana	Mana
ChainLightning	desc	1	level_display
ChainLightning	desc	2	damage_range	damage	Damage	4 to 4+2*CLvl
ChainLightning	desc	3	mana	mana	Mana
ChainLightning	upgrade	1	damage_delta	damage	Damage
ChainLightning	upgrade	2	mana_delta	mana	Mana
FlameWave	desc	1	level_display
FlameWave	desc	2	damage_range	damage	Damage	6*(CLvl+1) to 6*(CLvl+1)+54
FlameWave	desc	3	mana	mana	Mana
FlameWave	upgrade	1	damage_delta	damage	Damage
FlameWave	upgrade	2	mana_delta	mana	Mana
DoomSerpents	desc	1	level_display
DoomSerpents	desc	2	mana	mana	Mana
BloodRitual	desc	1	level_display
BloodRitual	desc	2	mana	mana	Mana
Nova	desc	1	level_display
Nova	desc	2	damage_range	damage	Damage	Scale(CLvl)*5
Nova	desc	3	mana	mana	Mana
Nova	upgrade	1	damage_delta	damage	Damage
Nova	upgrade	2	mana_delta	mana	Mana
Invisibility	desc	1	level_display
Invisibility	desc	2	mana	mana	Mana
Inferno	desc	1	level_display
Inferno	desc	2	damage_range	damage	Damage	3 to CLvl+4+(CLvl+4)/2
Inferno	desc	3	mana	mana	Mana
Inferno	upgrade	1	damage_delta	damage	Damage
Inferno	upgrade	2	mana_delta	mana	Mana
Golem	desc	1	level_display
Golem	desc	2	damage_range	damage	Damage	11 to 17
Golem	desc	3	mana	mana	Mana
Rage	desc	1	level_display
Rage	desc	2	mana	mana	Mana
Teleport	desc	1	level_display
Teleport	desc	2	mana	mana	Mana
Apocalypse	desc	1	level_display
Apocalypse	desc	2	damage_range	damage	Damage	CLvl to CLvl*6
Apocalypse	desc	3	mana	mana	Mana
Etherealize	desc	1	level_display
Etherealize	desc	2	mana	mana	Mana
ItemRepair	desc	1	level_display
ItemRepair	desc	2	mana	mana	Mana
ItemRepair	warning	1	special		Warning: reduces max durability!
StaffRecharge	desc	1	level_display
StaffRecharge	desc	2	mana	mana	Mana
TrapDisarm	desc	1	level_display
TrapDisarm	desc	2	mana	mana	Mana
Elemental	desc	1	level_display
Elemental	desc	2	damage_range	damage	Damage	Scale(CLvl-based)
Elemental	desc	3	mana	mana	Mana
Elemental	upgrade	1	damage_delta	damage	Damage
Elemental	upgrade	2	mana_delta	mana	Mana
ChargedBolt	desc	1	level_display
ChargedBolt	desc	2	damage_range	damage	Damage	1 to 1+Magic/4
ChargedBolt	desc	3	mana	mana	Mana
ChargedBolt	desc	4	value_single	par1 + math.floor(lvl / 3)	Bolts	Base + Lvl/3
ChargedBolt	upgrade	1	damage_delta	damage	Damage
ChargedBolt	upgrade	2	value_delta	par1 + math.floor(lvl / 3)	Bolts
HolyBolt	desc	1	level_display
HolyBolt	desc	2	damage_range	damage	Damage	CLvl+9 to CLvl+18
HolyBolt	desc	3	mana	mana	Mana
HolyBolt	upgrade	1	damage_delta	damage	Damage
HolyBolt	upgrade	2	mana_delta	mana	Mana
Resurrect	desc	1	level_display
Resurrect	desc	2	mana	mana	Mana
Telekinesis	desc	1	level_display
Telekinesis	desc	2	mana	mana	Mana
HealOther	desc	1	level_display
HealOther	desc	2	heal_range	damage	Heals	CLvl+Lvl+1 to 4*CLvl+6*Lvl+10
HealOther	desc	3	mana	mana	Mana
HealOther	upgrade	1	heal_delta	damage	Heals
HealOther	upgrade	2	mana_delta	mana	Mana
BloodStar	desc	1	level_display
BloodStar	desc	2	damage_range	damage	Damage	Magic/2+3*Lvl-Magic/8
BloodStar	desc	3	mana	mana	Mana
BloodStar	upgrade	1	damage_delta	damage	Damage
BloodStar	upgrade	2	mana_delta	mana	Mana
BoneSpirit	desc	1	level_display
BoneSpirit	desc	2	special		Dmg: 1/3 target hp
BoneSpirit	desc	3	mana	mana	Mana
